[{"id":"7f87e849.c06b68","type":"tab","label":"松下新风modbus","disabled":false,"info":""},{"id":"9254754e.a06068","type":"modbus-read","z":"7f87e849.c06b68","name":"新风状态","topic":"","showStatusActivities":true,"logIOActivities":false,"showErrors":false,"unitid":"1","dataType":"HoldingRegister","adr":"0001","quantity":"1","rate":"30","rateUnit":"s","delayOnStart":true,"startDelayTime":"5","server":"f2aab61.06efc48","useIOFile":false,"ioFile":"","useIOForPayload":false,"x":220,"y":160,"wires":[["b31f8d6b.d13e6","c07dff34.ced06"],[]]},{"id":"b31f8d6b.d13e6","type":"switch","z":"7f87e849.c06b68","name":"","property":"payload","propertyType":"msg","rules":[{"t":"eq","v":"0","vt":"str"},{"t":"eq","v":"1","vt":"str"}],"checkall":"true","repair":false,"outputs":2,"x":360,"y":160,"wires":[["76bd06b0.771ef8"],["41dacb09.ae6934"]]},{"id":"76bd06b0.771ef8","type":"change","z":"7f87e849.c06b68","name":"开","rules":[{"t":"set","p":"payload","pt":"msg","to":"OFF","tot":"str"}],"action":"","property":"","from":"","to":"","reg":false,"x":490,"y":140,"wires":[["46649724.9bc6c8"]]},{"id":"41dacb09.ae6934","type":"change","z":"7f87e849.c06b68","name":"关","rules":[{"t":"set","p":"payload","pt":"msg","to":"ON","tot":"str"}],"action":"","property":"","from":"","to":"","reg":false,"x":490,"y":180,"wires":[["46649724.9bc6c8"]]},{"id":"14388247.aa6ffe","type":"debug","z":"7f87e849.c06b68","name":"开关状态","active":true,"tosidebar":true,"console":false,"tostatus":false,"complete":"payload","targetType":"msg","x":1260,"y":140,"wires":[]},{"id":"c3ad6b2c.da63b8","type":"mqtt in","z":"7f87e849.c06b68","name":"","topic":"FAS-state(POWER)","qos":"2","datatype":"auto","broker":"c0db8d1f.d0643","x":1070,"y":180,"wires":[["14388247.aa6ffe"]]},{"id":"46649724.9bc6c8","type":"mqtt out","z":"7f87e849.c06b68","name":"","topic":"FAS-state(POWER)","qos":"2","retain":"true","broker":"c0db8d1f.d0643","x":660,"y":160,"wires":[]},{"id":"5f250fb6.7a3d8","type":"mqtt in","z":"7f87e849.c06b68","name":"","topic":"FAS-ctrl(POWER)","qos":"0","datatype":"auto","broker":"c0db8d1f.d0643","x":90,"y":360,"wires":[["ab869965.e293e8","3ab251f4.8a39ce"]]},{"id":"ab869965.e293e8","type":"switch","z":"7f87e849.c06b68","name":"","property":"payload","propertyType":"msg","rules":[{"t":"eq","v":"OFF","vt":"str"},{"t":"eq","v":"关闭新风","vt":"str"},{"t":"eq","v":"ON","vt":"str"},{"t":"eq","v":"打开新风","vt":"str"}],"checkall":"true","repair":false,"outputs":4,"x":450,"y":360,"wires":[["5ae0a95d.2bab38"],["5ae0a95d.2bab38"],["e1c2f221.67b28"],["e1c2f221.67b28"]]},{"id":"5ae0a95d.2bab38","type":"change","z":"7f87e849.c06b68","name":"关","rules":[{"t":"set","p":"payload","pt":"msg","to":"0","tot":"str"}],"action":"","property":"","from":"","to":"","reg":false,"x":570,"y":340,"wires":[["c1e052f5.c2c7f","422860af.98fa2"]]},{"id":"e1c2f221.67b28","type":"change","z":"7f87e849.c06b68","name":"开","rules":[{"t":"set","p":"payload","pt":"msg","to":"1","tot":"str"}],"action":"","property":"","from":"","to":"","reg":false,"x":570,"y":380,"wires":[["8648e94d.4e6a88","422860af.98fa2"]]},{"id":"c1e052f5.c2c7f","type":"modbus-write","z":"7f87e849.c06b68","name":"新风关机","showStatusActivities":false,"showErrors":false,"unitid":"1","dataType":"HoldingRegister","adr":"1","quantity":"1","server":"f2aab61.06efc48","emptyMsgOnFail":false,"x":740,"y":340,"wires":[[],[]]},{"id":"8648e94d.4e6a88","type":"modbus-write","z":"7f87e849.c06b68","name":"新风开机","showStatusActivities":false,"showErrors":false,"unitid":"1","dataType":"HoldingRegister","adr":"1","quantity":"1","server":"f2aab61.06efc48","x":740,"y":380,"wires":[[],[]]},{"id":"a8e2dbde.eba448","type":"inject","z":"7f87e849.c06b68","name":"","topic":"测试开","payload":"ON","payloadType":"str","repeat":"","crontab":"","once":false,"onceDelay":0.1,"x":200,"y":420,"wires":[["ab869965.e293e8"]]},{"id":"eb42c210.0100c","type":"inject","z":"7f87e849.c06b68","name":"","topic":"测试关","payload":"OFF","payloadType":"str","repeat":"","crontab":"","once":false,"onceDelay":0.1,"x":210,"y":460,"wires":[["ab869965.e293e8"]]},{"id":"a648ac5.6187a5","type":"comment","z":"7f87e849.c06b68","name":"新风开关状态","info":"","x":190,"y":100,"wires":[]},{"id":"ce66285e.b1b9d8","type":"comment","z":"7f87e849.c06b68","name":"新风运行模式","info":"","x":190,"y":539,"wires":[]},{"id":"19b809bc.5bda16","type":"modbus-read","z":"7f87e849.c06b68","name":"运转模式","topic":"","showStatusActivities":false,"logIOActivities":false,"showErrors":false,"unitid":"1","dataType":"HoldingRegister","adr":"0002","quantity":"1","rate":"1","rateUnit":"m","delayOnStart":true,"startDelayTime":"5","server":"f2aab61.06efc48","useIOFile":false,"ioFile":"","useIOForPayload":false,"x":764,"y":560,"wires":[["56121104.42a4"],[]]},{"id":"56121104.42a4","type":"switch","z":"7f87e849.c06b68","name":"","property":"payload","propertyType":"msg","rules":[{"t":"eq","v":"0","vt":"str"},{"t":"eq","v":"2","vt":"str"},{"t":"eq","v":"5","vt":"str"}],"checkall":"true","repair":false,"outputs":3,"x":954,"y":620,"wires":[["e34bf159.e0505"],["47571a7d.1294a4"],["9c09f883.415208"]]},{"id":"e34bf159.e0505","type":"change","z":"7f87e849.c06b68","name":"热交","rules":[{"t":"set","p":"payload","pt":"msg","to":"热交换","tot":"str"}],"action":"","property":"","from":"","to":"","reg":false,"x":1094,"y":580,"wires":[["9a30225f.3901","361071a7.69037e"]]},{"id":"9a30225f.3901","type":"mqtt out","z":"7f87e849.c06b68","name":"","topic":"FAS-state(MODE)","qos":"0","retain":"true","broker":"c0db8d1f.d0643","x":1274,"y":620,"wires":[]},{"id":"47571a7d.1294a4","type":"change","z":"7f87e849.c06b68","name":"内循环","rules":[{"t":"set","p":"payload","pt":"msg","to":"内循环","tot":"str"}],"action":"","property":"","from":"","to":"","reg":false,"x":1094,"y":620,"wires":[["9a30225f.3901","361071a7.69037e"]]},{"id":"9c09f883.415208","type":"change","z":"7f87e849.c06b68","name":"外循环","rules":[{"t":"set","p":"payload","pt":"msg","to":"外循环","tot":"str"}],"action":"","property":"","from":"","to":"","reg":false,"x":1094,"y":660,"wires":[["9a30225f.3901","361071a7.69037e"]]},{"id":"c1307635.1cc208","type":"mqtt in","z":"7f87e849.c06b68","name":"","topic":"FAS-state(MODE)","qos":"2","datatype":"auto","broker":"c0db8d1f.d0643","x":1070,"y":240,"wires":[["c0b73f3b.5c87"]]},{"id":"c0b73f3b.5c87","type":"debug","z":"7f87e849.c06b68","name":"运转模式","active":true,"tosidebar":true,"console":false,"tostatus":false,"complete":"payload","targetType":"msg","x":1280,"y":260,"wires":[]},{"id":"b4e3776b.1399a8","type":"mqtt in","z":"7f87e849.c06b68","name":"","topic":"FAS-ctrl(MODE)","qos":"2","datatype":"auto","broker":"c0db8d1f.d0643","x":220,"y":640,"wires":[["288428ba.7831a8","c96fecd4.6cf59"]]},{"id":"288428ba.7831a8","type":"switch","z":"7f87e849.c06b68","name":"","property":"payload","propertyType":"msg","rules":[{"t":"eq","v":"热交换","vt":"str"},{"t":"eq","v":"内循环","vt":"str"},{"t":"eq","v":"外循环","vt":"str"}],"checkall":"true","repair":false,"outputs":3,"x":450,"y":720,"wires":[["d0d58721.0d0438"],["9d90de1c.c3d15"],["a10e57d8.f54268"]]},{"id":"3ceea4f.9e3915c","type":"inject","z":"7f87e849.c06b68","name":"","topic":"测试热交换","payload":"热交换","payloadType":"str","repeat":"","crontab":"","once":false,"onceDelay":0.1,"x":230,"y":800,"wires":[["288428ba.7831a8"]]},{"id":"4375a1c5.87649","type":"inject","z":"7f87e849.c06b68","name":"","topic":"测试内循环","payload":"内循环","payloadType":"str","repeat":"","crontab":"","once":false,"onceDelay":0.1,"x":230,"y":840,"wires":[["288428ba.7831a8"]]},{"id":"d0d58721.0d0438","type":"change","z":"7f87e849.c06b68","name":"热交换","rules":[{"t":"set","p":"payload","pt":"msg","to":"0","tot":"num"}],"action":"","property":"","from":"","to":"","reg":false,"x":590,"y":680,"wires":[["51c46cdb.643284"]]},{"id":"9d90de1c.c3d15","type":"change","z":"7f87e849.c06b68","name":"内循环","rules":[{"t":"set","p":"payload","pt":"msg","to":"2","tot":"num"}],"action":"","property":"","from":"","to":"","reg":false,"x":590,"y":720,"wires":[["51c46cdb.643284"]]},{"id":"a10e57d8.f54268","type":"change","z":"7f87e849.c06b68","name":"外循环","rules":[{"t":"set","p":"payload","pt":"msg","to":"5","tot":"num"}],"action":"","property":"","from":"","to":"","reg":false,"x":590,"y":760,"wires":[["51c46cdb.643284"]]},{"id":"51c46cdb.643284","type":"modbus-write","z":"7f87e849.c06b68","name":"内循环模式","showStatusActivities":false,"showErrors":false,"unitid":"1","dataType":"HoldingRegister","adr":"2","quantity":"1","server":"f2aab61.06efc48","x":730,"y":720,"wires":[[],[]]},{"id":"66e5c12c.f81ef","type":"inject","z":"7f87e849.c06b68","name":"","topic":"测试外循环","payload":"外循环","payloadType":"str","repeat":"","crontab":"","once":true,"onceDelay":0.1,"x":230,"y":880,"wires":[["288428ba.7831a8"]]},{"id":"7804e89e.d2b8d8","type":"comment","z":"7f87e849.c06b68","name":"风量调整","info":"","x":180,"y":1000,"wires":[]},{"id":"36ccd051.25204","type":"modbus-read","z":"7f87e849.c06b68","name":"风量","topic":"","showStatusActivities":false,"logIOActivities":false,"showErrors":false,"unitid":"1","dataType":"HoldingRegister","adr":"0003","quantity":"1","rate":"2","rateUnit":"s","delayOnStart":true,"startDelayTime":"5","server":"f2aab61.06efc48","useIOFile":false,"ioFile":"","useIOForPayload":false,"x":350,"y":1080,"wires":[["5b22842c.7a148c"],[]]},{"id":"5b22842c.7a148c","type":"switch","z":"7f87e849.c06b68","name":"","property":"payload","propertyType":"msg","rules":[{"t":"eq","v":"1","vt":"str"},{"t":"eq","v":"2","vt":"str"},{"t":"eq","v":"3","vt":"str"}],"checkall":"true","repair":false,"outputs":3,"x":490,"y":1080,"wires":[["acdc3982.b7d9f8"],["610ef6d5.9519c8"],["9fc656b3.2274b8"]]},{"id":"acdc3982.b7d9f8","type":"change","z":"7f87e849.c06b68","name":"弱","rules":[{"t":"set","p":"payload","pt":"msg","to":"弱","tot":"str"}],"action":"","property":"","from":"","to":"","reg":false,"x":650,"y":1040,"wires":[["a7a9dea1.0687d","8341b5f8.891a78"]]},{"id":"a7a9dea1.0687d","type":"mqtt out","z":"7f87e849.c06b68","name":"","topic":"FAS-state(SPEED)","qos":"0","retain":"true","broker":"c0db8d1f.d0643","x":870,"y":1080,"wires":[]},{"id":"610ef6d5.9519c8","type":"change","z":"7f87e849.c06b68","name":"中","rules":[{"t":"set","p":"payload","pt":"msg","to":"中","tot":"str"}],"action":"","property":"","from":"","to":"","reg":false,"x":650,"y":1080,"wires":[["a7a9dea1.0687d","8341b5f8.891a78"]]},{"id":"9fc656b3.2274b8","type":"change","z":"7f87e849.c06b68","name":"强","rules":[{"t":"set","p":"payload","pt":"msg","to":"强","tot":"str"}],"action":"","property":"","from":"","to":"","reg":false,"x":650,"y":1120,"wires":[["a7a9dea1.0687d","8341b5f8.891a78"]]},{"id":"465e9571.e6360c","type":"mqtt in","z":"7f87e849.c06b68","name":"","topic":"FAS-ctrl(SPEED)","qos":"2","datatype":"auto","broker":"c0db8d1f.d0643","x":120,"y":1220,"wires":[["28b0ede3.27d502"]]},{"id":"28b0ede3.27d502","type":"switch","z":"7f87e849.c06b68","name":"","property":"payload","propertyType":"msg","rules":[{"t":"eq","v":"弱","vt":"str"},{"t":"eq","v":"中","vt":"str"},{"t":"eq","v":"强","vt":"str"}],"checkall":"true","repair":false,"outputs":3,"x":390,"y":1220,"wires":[["2cbb761d.47f72a"],["f52f7635.92b488"],["adec9ee9.43f7c"]]},{"id":"dd776167.54e5b","type":"modbus-write","z":"7f87e849.c06b68","name":"风量控制","showStatusActivities":false,"showErrors":false,"unitid":"1","dataType":"HoldingRegister","adr":"0003","quantity":"1","server":"f2aab61.06efc48","x":720,"y":1220,"wires":[[],[]]},{"id":"e1d6bbeb.fe0ef8","type":"inject","z":"7f87e849.c06b68","name":"","topic":"弱","payload":"弱","payloadType":"str","repeat":"","crontab":"","once":false,"onceDelay":0.1,"x":210,"y":1280,"wires":[["28b0ede3.27d502"]]},{"id":"c35785d7.dab8d8","type":"inject","z":"7f87e849.c06b68","name":"","topic":"中","payload":"中","payloadType":"str","repeat":"","crontab":"","once":false,"onceDelay":0.1,"x":210,"y":1320,"wires":[["28b0ede3.27d502"]]},{"id":"2cbb761d.47f72a","type":"change","z":"7f87e849.c06b68","name":"弱","rules":[{"t":"set","p":"payload","pt":"msg","to":"1","tot":"num"}],"action":"","property":"","from":"","to":"","reg":false,"x":530,"y":1180,"wires":[["dd776167.54e5b"]]},{"id":"f52f7635.92b488","type":"change","z":"7f87e849.c06b68","name":"中","rules":[{"t":"set","p":"payload","pt":"msg","to":"2","tot":"num"}],"action":"","property":"","from":"","to":"","reg":false,"x":530,"y":1220,"wires":[["dd776167.54e5b"]]},{"id":"adec9ee9.43f7c","type":"change","z":"7f87e849.c06b68","name":"强","rules":[{"t":"set","p":"payload","pt":"msg","to":"3","tot":"num"}],"action":"","property":"","from":"","to":"","reg":false,"x":530,"y":1260,"wires":[["dd776167.54e5b"]]},{"id":"6d623fb5.612e7","type":"inject","z":"7f87e849.c06b68","name":"","topic":"强","payload":"强","payloadType":"str","repeat":"","crontab":"","once":true,"onceDelay":0.1,"x":210,"y":1360,"wires":[["28b0ede3.27d502"]]},{"id":"1f13f4d2.11707b","type":"debug","z":"7f87e849.c06b68","name":"风速","active":false,"tosidebar":true,"console":false,"tostatus":false,"complete":"payload","targetType":"msg","x":1310,"y":340,"wires":[]},{"id":"7bda1013.dbea8","type":"mqtt in","z":"7f87e849.c06b68","name":"","topic":"FAS-state(SPEED)","qos":"2","datatype":"auto","broker":"c0db8d1f.d0643","x":1070,"y":300,"wires":[["1f13f4d2.11707b"]]},{"id":"dcc5ad2.fd4c75","type":"mqtt out","z":"7f87e849.c06b68","name":"","topic":"FAS-state(MODE1)","qos":"0","retain":"true","broker":"c0db8d1f.d0643","x":1335,"y":720,"wires":[]},{"id":"caa66f6.6b8409","type":"mqtt out","z":"7f87e849.c06b68","name":"","topic":"FAS-state(MODE2)","qos":"0","retain":"true","broker":"c0db8d1f.d0643","x":1335,"y":780,"wires":[]},{"id":"66618ece.a9032","type":"mqtt out","z":"7f87e849.c06b68","name":"","topic":"FAS-state(MODE3)","qos":"0","retain":"true","broker":"c0db8d1f.d0643","x":1335,"y":840,"wires":[]},{"id":"7709583c.0e0198","type":"mqtt in","z":"7f87e849.c06b68","name":"","topic":"FAS-ctrl(MODE1)","qos":"2","datatype":"auto","broker":"c0db8d1f.d0643","x":220,"y":680,"wires":[["288428ba.7831a8","c96fecd4.6cf59"]]},{"id":"aac7d577.b34e78","type":"mqtt in","z":"7f87e849.c06b68","name":"","topic":"FAS-ctrl(MODE2)","qos":"2","datatype":"auto","broker":"c0db8d1f.d0643","x":220,"y":720,"wires":[["288428ba.7831a8","c96fecd4.6cf59"]]},{"id":"42ad773f.847bf8","type":"mqtt in","z":"7f87e849.c06b68","name":"","topic":"FAS-ctrl(MODE3)","qos":"2","datatype":"auto","broker":"c0db8d1f.d0643","x":220,"y":760,"wires":[["288428ba.7831a8","c96fecd4.6cf59"]]},{"id":"ecd23c09.85028","type":"modbus-read","z":"7f87e849.c06b68","name":"运转模式","topic":"","showStatusActivities":false,"logIOActivities":false,"showErrors":false,"unitid":"1","dataType":"HoldingRegister","adr":"0002","quantity":"1","rate":"1","rateUnit":"m","delayOnStart":true,"startDelayTime":"5","server":"f2aab61.06efc48","useIOFile":false,"ioFile":"","useIOForPayload":false,"x":764,"y":880,"wires":[["7b9929ac.50d208"],[]]},{"id":"7b9929ac.50d208","type":"switch","z":"7f87e849.c06b68","name":"","property":"payload","propertyType":"msg","rules":[{"t":"eq","v":"0","vt":"str"},{"t":"eq","v":"0","vt":"str"},{"t":"eq","v":"2","vt":"str"},{"t":"eq","v":"2","vt":"str"},{"t":"eq","v":"5","vt":"str"},{"t":"eq","v":"5","vt":"str"}],"checkall":"true","repair":false,"outputs":6,"x":915,"y":800,"wires":[["c166a2ac.9a92c"],["1f3a70f.f43ff8f"],["a0b46490.3ba508"],["a63f5a0f.4b52f8"],["263c993a.606246"],["e7762681.8d9a68"]]},{"id":"c166a2ac.9a92c","type":"change","z":"7f87e849.c06b68","name":"热交","rules":[{"t":"set","p":"payload","pt":"msg","to":"热交换","tot":"str"}],"action":"","property":"","from":"","to":"","reg":false,"x":1095,"y":700,"wires":[["dcc5ad2.fd4c75"]]},{"id":"263c993a.606246","type":"change","z":"7f87e849.c06b68","name":"外循环","rules":[{"t":"set","p":"payload","pt":"msg","to":"外循环","tot":"str"}],"action":"","property":"","from":"","to":"","reg":false,"x":1095,"y":860,"wires":[["66618ece.a9032"]]},{"id":"a0b46490.3ba508","type":"change","z":"7f87e849.c06b68","name":"内循环","rules":[{"t":"set","p":"payload","pt":"msg","to":"内循环","tot":"str"}],"action":"","property":"","from":"","to":"","reg":false,"x":1095,"y":780,"wires":[["caa66f6.6b8409"]]},{"id":"1f3a70f.f43ff8f","type":"change","z":"7f87e849.c06b68","name":"热交1","rules":[{"t":"set","p":"payload","pt":"msg","to":"OFF","tot":"str"}],"action":"","property":"","from":"","to":"","reg":false,"x":1095,"y":740,"wires":[["caa66f6.6b8409","66618ece.a9032"]]},{"id":"a63f5a0f.4b52f8","type":"change","z":"7f87e849.c06b68","name":"内循环1","rules":[{"t":"set","p":"payload","pt":"msg","to":"OFF","tot":"str"}],"action":"","property":"","from":"","to":"","reg":false,"x":1105,"y":820,"wires":[["dcc5ad2.fd4c75","66618ece.a9032"]]},{"id":"e7762681.8d9a68","type":"change","z":"7f87e849.c06b68","name":"外循环1","rules":[{"t":"set","p":"payload","pt":"msg","to":"OFF","tot":"str"}],"action":"","property":"","from":"","to":"","reg":false,"x":1105,"y":900,"wires":[["dcc5ad2.fd4c75","caa66f6.6b8409"]]},{"id":"c07dff34.ced06","type":"debug","z":"7f87e849.c06b68","name":"","active":false,"tosidebar":true,"console":false,"tostatus":false,"complete":"false","x":430,"y":60,"wires":[]},{"id":"3b63e267.22574e","type":"modbus-getter","z":"7f87e849.c06b68","name":"开关状态变更","showStatusActivities":false,"showErrors":false,"logIOActivities":false,"unitid":"1","dataType":"HoldingRegister","adr":"0001","quantity":"1","server":"f2aab61.06efc48","useIOFile":false,"ioFile":"","useIOForPayload":false,"emptyMsgOnFail":false,"x":600,"y":280,"wires":[["b31f8d6b.d13e6"],[]]},{"id":"3ab251f4.8a39ce","type":"delay","z":"7f87e849.c06b68","name":"","pauseType":"delay","timeout":"500","timeoutUnits":"milliseconds","rate":"1","nbRateUnits":"1","rateUnits":"second","randomFirst":"1","randomLast":"5","randomUnits":"seconds","drop":false,"x":430,"y":280,"wires":[["3b63e267.22574e"]]},{"id":"edeadcf2.68863","type":"modbus-getter","z":"7f87e849.c06b68","name":"开关状态变更","showStatusActivities":false,"showErrors":false,"logIOActivities":false,"unitid":"1","dataType":"HoldingRegister","adr":"0002","quantity":"1","server":"f2aab61.06efc48","useIOFile":false,"ioFile":"","useIOForPayload":false,"x":656,"y":617,"wires":[["7b9929ac.50d208","56121104.42a4"],[]]},{"id":"c96fecd4.6cf59","type":"delay","z":"7f87e849.c06b68","name":"","pauseType":"delay","timeout":"500","timeoutUnits":"milliseconds","rate":"1","nbRateUnits":"1","rateUnits":"second","randomFirst":"1","randomLast":"5","randomUnits":"seconds","drop":false,"x":450,"y":616,"wires":[["edeadcf2.68863"]]},{"id":"a5d1156a.b01d68","type":"modbus-read","z":"7f87e849.c06b68","name":"过滤器更换剩余时间","topic":"","showStatusActivities":false,"logIOActivities":false,"showErrors":false,"unitid":"1","dataType":"HoldingRegister","adr":"13","quantity":"1","rate":"10","rateUnit":"m","delayOnStart":true,"startDelayTime":"5","server":"f2aab61.06efc48","useIOFile":false,"ioFile":"","useIOForPayload":false,"x":190,"y":1520,"wires":[["e25e4776.f7c0d8"],[]]},{"id":"787c6544.0dc49c","type":"modbus-getter","z":"7f87e849.c06b68","name":"过滤网","showStatusActivities":false,"showErrors":false,"logIOActivities":false,"unitid":"1","dataType":"HoldingRegister","adr":"0014","quantity":"1","server":"f2aab61.06efc48","useIOFile":false,"ioFile":"","useIOForPayload":false,"x":330,"y":1600,"wires":[["31e067a0.d4e968"],["b01db8de.477e68"]]},{"id":"31e067a0.d4e968","type":"debug","z":"7f87e849.c06b68","name":"","active":true,"tosidebar":true,"console":false,"tostatus":false,"complete":"false","x":490,"y":1600,"wires":[]},{"id":"d302ad5c.10f6d","type":"inject","z":"7f87e849.c06b68","name":"","topic":"","payload":"","payloadType":"date","repeat":"","crontab":"","once":false,"onceDelay":0.1,"x":170,"y":1600,"wires":[["787c6544.0dc49c"]]},{"id":"a3c99567.888af8","type":"trigger-state","z":"7f87e849.c06b68","name":"新风电源","server":"8a078ace.fcbdd8","exposeToHomeAssistant":false,"haConfig":[{"property":"name","value":""},{"property":"icon","value":""}],"entityid":"input_select.fas_power","entityidfiltertype":"exact","debugenabled":false,"constraints":[],"constraintsmustmatch":"all","outputs":2,"customoutputs":[],"outputinitially":false,"state_type":"str","x":200,"y":280,"wires":[["3ab251f4.8a39ce","ab869965.e293e8"],[]]},{"id":"422860af.98fa2","type":"debug","z":"7f87e849.c06b68","name":"","active":true,"tosidebar":true,"console":false,"tostatus":false,"complete":"false","x":810,"y":280,"wires":[]},{"id":"f5953c82.c449c","type":"trigger-state","z":"7f87e849.c06b68","name":"新风模式","server":"8a078ace.fcbdd8","exposeToHomeAssistant":false,"haConfig":[{"property":"name","value":""},{"property":"icon","value":""}],"entityid":"input_select.fas_mode","entityidfiltertype":"exact","debugenabled":false,"constraints":[],"constraintsmustmatch":"all","outputs":2,"customoutputs":[],"outputinitially":false,"state_type":"str","x":240,"y":600,"wires":[["c96fecd4.6cf59","288428ba.7831a8","f779b9d4.e2e858"],[]]},{"id":"3b5ecb7e.d9ddf4","type":"trigger-state","z":"7f87e849.c06b68","name":"新风模式","server":"8a078ace.fcbdd8","exposeToHomeAssistant":false,"haConfig":[{"property":"name","value":""},{"property":"icon","value":""}],"entityid":"input_select.fas_speed","entityidfiltertype":"exact","debugenabled":false,"constraints":[],"constraintsmustmatch":"all","outputs":2,"customoutputs":[],"outputinitially":false,"state_type":"str","x":140,"y":1160,"wires":[["28b0ede3.27d502","99d2d298.e8496","f2c20f7a.c0d5e"],[]]},{"id":"99d2d298.e8496","type":"delay","z":"7f87e849.c06b68","name":"","pauseType":"delay","timeout":"500","timeoutUnits":"milliseconds","rate":"1","nbRateUnits":"1","rateUnits":"second","randomFirst":"1","randomLast":"5","randomUnits":"seconds","drop":false,"x":330,"y":1140,"wires":[["5b22842c.7a148c"]]},{"id":"df60e895.e4ea28","type":"debug","z":"7f87e849.c06b68","name":"","active":true,"tosidebar":true,"console":false,"tostatus":false,"complete":"false","x":650,"y":460,"wires":[]},{"id":"f779b9d4.e2e858","type":"api-call-service","z":"7f87e849.c06b68","name":"","server":"8a078ace.fcbdd8","version":1,"debugenabled":false,"service_domain":"input_text","service":"set_value","entityId":"input_select.fas_mode","data":"{\"entity_id\":\"input_select.fas_mode\",\"value\":\"889\"}","dataType":"json","mergecontext":"","output_location":"","output_location_type":"none","mustacheAltTags":true,"x":430,"y":520,"wires":[["df60e895.e4ea28"]]},{"id":"2e1d584d.210b78","type":"comment","z":"7f87e849.c06b68","name":"滤网时间","info":"","x":160,"y":1460,"wires":[]},{"id":"b01db8de.477e68","type":"debug","z":"7f87e849.c06b68","name":"","active":true,"tosidebar":true,"console":false,"tostatus":false,"complete":"false","x":490,"y":1640,"wires":[]},{"id":"e25e4776.f7c0d8","type":"mqtt out","z":"7f87e849.c06b68","name":"滤芯剩余时间","topic":"FAS-filter","qos":"0","retain":"","broker":"c0db8d1f.d0643","x":400,"y":1520,"wires":[]},{"id":"723a0f62.3882e","type":"api-call-service","z":"7f87e849.c06b68","name":"","server":"8a078ace.fcbdd8","version":1,"debugenabled":false,"service_domain":"input_select","service":"select_option","entityId":"input_select.fas_speed","data":"","dataType":"json","mergecontext":"","output_location":"","output_location_type":"none","mustacheAltTags":false,"x":1130,"y":1160,"wires":[[]]},{"id":"8341b5f8.891a78","type":"function","z":"7f87e849.c06b68","name":"input选择","func":"var message1 = {\"payload\":{\"data\":{\"entity_id\":\"input_select.fas_speed\",\"option\":msg.payload}}};\nreturn message1","outputs":1,"noerr":0,"x":880,"y":1160,"wires":[["723a0f62.3882e"]]},{"id":"361071a7.69037e","type":"function","z":"7f87e849.c06b68","name":"input选择","func":"var message = {\"payload\":{\"data\":{\"entity_id\":\"input_select.fas_mode\",\"option\":msg.payload}}};\nreturn message","outputs":1,"noerr":0,"x":1260,"y":540,"wires":[["7c0cd5d7.7ede8c"]]},{"id":"7c0cd5d7.7ede8c","type":"api-call-service","z":"7f87e849.c06b68","name":"","server":"8a078ace.fcbdd8","version":1,"debugenabled":false,"service_domain":"input_select","service":"select_option","entityId":"input_select.fas_mode","data":"","dataType":"json","mergecontext":"","output_location":"","output_location_type":"none","mustacheAltTags":false,"x":1490,"y":540,"wires":[[]]},{"id":"f2c20f7a.c0d5e","type":"debug","z":"7f87e849.c06b68","name":"","active":true,"tosidebar":true,"console":false,"tostatus":false,"complete":"false","x":412,"y":1338.3333740234375,"wires":[]},{"id":"f2aab61.06efc48","type":"modbus-client","z":"","name":"Panasonic","clienttype":"tcp","bufferCommands":true,"stateLogEnabled":true,"queueLogEnabled":false,"tcpHost":"192.168.43.22","tcpPort":"8899","tcpType":"DEFAULT","serialPort":"/dev/ttyUSB","serialType":"RTU-BUFFERD","serialBaudrate":"9600","serialDatabits":"8","serialStopbits":"1","serialParity":"none","serialConnectionDelay":"100","unit_id":"1","commandDelay":"1","clientTimeout":"600","reconnectOnTimeout":true,"reconnectTimeout":"600","parallelUnitIdsAllowed":true},{"id":"c0db8d1f.d0643","type":"mqtt-broker","z":"","name":"Yu's Mqtt","broker":"192.168.43.154","port":"1883","clientid":"","usetls":false,"compatmode":true,"keepalive":"60","cleansession":true,"birthTopic":"","birthQos":"0","birthPayload":"","closeTopic":"","closeQos":"0","closePayload":"","willTopic":"","willQos":"0","willPayload":""},{"id":"8a078ace.fcbdd8","type":"server","z":"","name":"Home Assistant","legacy":false,"addon":true,"rejectUnauthorizedCerts":true,"ha_boolean":"y|yes|true|on|home|open","connectionDelay":true,"cacheJson":true}]